regime,algorithm,cycles,MAE,P95_over,failure
abrupt,tv_history_fixed,800,0.02242129868698593,0.08239654265004953,0.0
abrupt,tv_history_forgetting,800,0.022410515110688003,0.08280025695506932,0.0
abrupt,tv_no_history,800,0.022770191676291254,0.08241715971141007,0.0
drift,tv_history_fixed,800,0.021952769591711677,0.06903421243975205,0.0
drift,tv_history_forgetting,800,0.02195263611725422,0.06903421243973963,0.0
drift,tv_no_history,800,0.02193774431346976,0.06902991028236084,0.0
stable,tv_history_fixed,800,0.024008733003542653,0.093294794548394,0.0
stable,tv_history_forgetting,800,0.024009604682317612,0.093294794548394,0.0
stable,tv_no_history,800,0.023821023131994946,0.093271280775469,0.0
