algorithm_a,algorithm_b,cases,mean_mae_difference_a_minus_b,median_difference,a_win_fraction,tie_fraction
adaptive_phase_extension,amount_proportion,1134,-0.41592105127894524,-0.025775269180583038,0.5017636684303352,0.0
adaptive_phase_extension,multiphase_9pp,1134,1.0044006405161778,0.8343057493424277,0.29188712522045857,0.006172839506172839
adaptive_phase_extension,multiscale_window,1134,1.1059655498059133,0.8878293061833933,0.2583774250440917,0.008818342151675485
adaptive_phase_extension,particle_filter_calibrated,1134,4.26398878534665,3.167775443749857,0.15255731922398588,0.0
adaptive_phase_extension,particle_filter_mixture,1134,4.26398878534665,3.167775443749857,0.15255731922398588,0.0
adaptive_phase_extension,pf_guarded,1134,4.26398878534665,3.167775443749857,0.15255731922398588,0.0
adaptive_phase_extension,set_outer_midpoint,1134,-7.301877408803676,-3.861024752815686,0.691358024691358,0.0
adaptive_phase_extension,single_window_9pp,1134,0.8697419108552248,0.7539562899497376,0.31569664902998235,0.006172839506172839
adaptive_phase_extension,static_1750,1134,-7.417422715151105,-3.2412153775946795,0.6622574955908289,0.0
amount_proportion,adaptive_phase_extension,1134,0.41592105127894524,0.025775269180583038,0.4982363315696649,0.0
amount_proportion,multiphase_9pp,1134,1.420321691795123,0.7559915384392029,0.40299823633156967,0.0
amount_proportion,multiscale_window,1134,1.5218866010848584,0.7831532419998792,0.3994708994708995,0.0
amount_proportion,particle_filter_calibrated,1134,4.679909836625596,3.239241600432856,0.14638447971781304,0.0
amount_proportion,particle_filter_mixture,1134,4.679909836625596,3.239241600432856,0.14638447971781304,0.0
amount_proportion,pf_guarded,1134,4.679909836625596,3.239241600432856,0.14638447971781304,0.0
amount_proportion,set_outer_midpoint,1134,-6.885956357524732,-3.112514703378519,0.7098765432098766,0.0
amount_proportion,single_window_9pp,1134,1.28566296213417,0.6084440127709474,0.42151675485008816,0.0
amount_proportion,static_1750,1134,-7.00150166387216,-2.306808360710937,0.6472663139329806,0.0
multiphase_9pp,adaptive_phase_extension,1134,-1.0044006405161778,-0.8343057493424277,0.7019400352733686,0.006172839506172839
multiphase_9pp,amount_proportion,1134,-1.420321691795123,-0.7559915384392029,0.5970017636684304,0.0
multiphase_9pp,multiscale_window,1134,0.10156490928973573,0.012190253607560209,0.4691358024691358,0.025573192239858905
multiphase_9pp,particle_filter_calibrated,1134,3.2595881448304724,2.143741732043175,0.21693121693121692,0.0
multiphase_9pp,particle_filter_mixture,1134,3.2595881448304724,2.143741732043175,0.21693121693121692,0.0
multiphase_9pp,pf_guarded,1134,3.2595881448304724,2.143741732043175,0.21693121693121692,0.0
multiphase_9pp,set_outer_midpoint,1134,-8.306278049319854,-4.61397639105871,0.7389770723104057,0.0
multiphase_9pp,single_window_9pp,1134,-0.1346587296609529,-0.0522686378112347,0.5335097001763669,0.036155202821869487
multiphase_9pp,static_1750,1134,-8.421823355667282,-3.939317890237141,0.7054673721340388,0.0
multiscale_window,adaptive_phase_extension,1134,-1.1059655498059133,-0.8878293061833933,0.7328042328042328,0.008818342151675485
multiscale_window,amount_proportion,1134,-1.5218866010848584,-0.7831532419998792,0.6005291005291006,0.0
multiscale_window,multiphase_9pp,1134,-0.10156490928973573,-0.012190253607560209,0.5052910052910053,0.025573192239858905
multiscale_window,particle_filter_calibrated,1134,3.1580232355407363,2.0836017790043986,0.21693121693121692,0.0
multiscale_window,particle_filter_mixture,1134,3.1580232355407363,2.0836017790043986,0.21693121693121692,0.0
multiscale_window,pf_guarded,1134,3.1580232355407363,2.0836017790043986,0.21693121693121692,0.0
multiscale_window,set_outer_midpoint,1134,-8.407842958609589,-4.633690777097165,0.7425044091710759,0.0
multiscale_window,single_window_9pp,1134,-0.23622363895068868,-0.08724721379006439,0.5458553791887125,0.025573192239858905
multiscale_window,static_1750,1134,-8.523388264957019,-3.9458163277880924,0.7160493827160493,0.0
particle_filter_calibrated,adaptive_phase_extension,1134,-4.26398878534665,-3.167775443749857,0.8474426807760141,0.0
particle_filter_calibrated,amount_proportion,1134,-4.679909836625596,-3.239241600432856,0.8536155202821869,0.0
particle_filter_calibrated,multiphase_9pp,1134,-3.2595881448304724,-2.143741732043175,0.783068783068783,0.0
particle_filter_calibrated,multiscale_window,1134,-3.1580232355407363,-2.0836017790043986,0.783068783068783,0.0
particle_filter_calibrated,particle_filter_mixture,1134,0.0,0.0,0.0,1.0
particle_filter_calibrated,pf_guarded,1134,0.0,0.0,0.0,1.0
particle_filter_calibrated,set_outer_midpoint,1134,-11.565866194150328,-7.269222504754044,0.8818342151675485,0.0
particle_filter_calibrated,single_window_9pp,1134,-3.3942468744914254,-2.243885516831778,0.8130511463844797,0.0
particle_filter_calibrated,static_1750,1134,-11.681411500497754,-6.636530162731274,0.8624338624338624,0.0
particle_filter_mixture,adaptive_phase_extension,1134,-4.26398878534665,-3.167775443749857,0.8474426807760141,0.0
particle_filter_mixture,amount_proportion,1134,-4.679909836625596,-3.239241600432856,0.8536155202821869,0.0
particle_filter_mixture,multiphase_9pp,1134,-3.2595881448304724,-2.143741732043175,0.783068783068783,0.0
particle_filter_mixture,multiscale_window,1134,-3.1580232355407363,-2.0836017790043986,0.783068783068783,0.0
particle_filter_mixture,particle_filter_calibrated,1134,0.0,0.0,0.0,1.0
particle_filter_mixture,pf_guarded,1134,0.0,0.0,0.0,1.0
particle_filter_mixture,set_outer_midpoint,1134,-11.565866194150328,-7.269222504754044,0.8818342151675485,0.0
particle_filter_mixture,single_window_9pp,1134,-3.3942468744914254,-2.243885516831778,0.8130511463844797,0.0
particle_filter_mixture,static_1750,1134,-11.681411500497754,-6.636530162731274,0.8624338624338624,0.0
pf_guarded,adaptive_phase_extension,1134,-4.26398878534665,-3.167775443749857,0.8474426807760141,0.0
pf_guarded,amount_proportion,1134,-4.679909836625596,-3.239241600432856,0.8536155202821869,0.0
pf_guarded,multiphase_9pp,1134,-3.2595881448304724,-2.143741732043175,0.783068783068783,0.0
pf_guarded,multiscale_window,1134,-3.1580232355407363,-2.0836017790043986,0.783068783068783,0.0
pf_guarded,particle_filter_calibrated,1134,0.0,0.0,0.0,1.0
pf_guarded,particle_filter_mixture,1134,0.0,0.0,0.0,1.0
pf_guarded,set_outer_midpoint,1134,-11.565866194150328,-7.269222504754044,0.8818342151675485,0.0
pf_guarded,single_window_9pp,1134,-3.3942468744914254,-2.243885516831778,0.8130511463844797,0.0
pf_guarded,static_1750,1134,-11.681411500497754,-6.636530162731274,0.8624338624338624,0.0
set_outer_midpoint,adaptive_phase_extension,1134,7.301877408803676,3.861024752815686,0.30864197530864196,0.0
set_outer_midpoint,amount_proportion,1134,6.885956357524732,3.112514703378519,0.29012345679012347,0.0
set_outer_midpoint,multiphase_9pp,1134,8.306278049319854,4.61397639105871,0.26102292768959434,0.0
set_outer_midpoint,multiscale_window,1134,8.407842958609589,4.633690777097165,0.25749559082892415,0.0
set_outer_midpoint,particle_filter_calibrated,1134,11.565866194150328,7.269222504754044,0.11816578483245149,0.0
set_outer_midpoint,particle_filter_mixture,1134,11.565866194150328,7.269222504754044,0.11816578483245149,0.0
set_outer_midpoint,pf_guarded,1134,11.565866194150328,7.269222504754044,0.11816578483245149,0.0
set_outer_midpoint,single_window_9pp,1134,8.171619319658902,4.530506111192986,0.26455026455026454,0.0
set_outer_midpoint,static_1750,1134,-0.11554530634742873,0.24077424773852663,0.3412698412698413,0.006172839506172839
single_window_9pp,adaptive_phase_extension,1134,-0.8697419108552248,-0.7539562899497376,0.6781305114638448,0.006172839506172839
single_window_9pp,amount_proportion,1134,-1.28566296213417,-0.6084440127709474,0.5784832451499118,0.0
single_window_9pp,multiphase_9pp,1134,0.1346587296609529,0.0522686378112347,0.43033509700176364,0.036155202821869487
single_window_9pp,multiscale_window,1134,0.23622363895068868,0.08724721379006439,0.42857142857142855,0.025573192239858905
single_window_9pp,particle_filter_calibrated,1134,3.3942468744914254,2.243885516831778,0.18694885361552027,0.0
single_window_9pp,particle_filter_mixture,1134,3.3942468744914254,2.243885516831778,0.18694885361552027,0.0
single_window_9pp,pf_guarded,1134,3.3942468744914254,2.243885516831778,0.18694885361552027,0.0
single_window_9pp,set_outer_midpoint,1134,-8.171619319658902,-4.530506111192986,0.7354497354497355,0.0
single_window_9pp,static_1750,1134,-8.287164626006328,-3.913167600099735,0.6984126984126984,0.0
static_1750,adaptive_phase_extension,1134,7.417422715151105,3.2412153775946795,0.3377425044091711,0.0
static_1750,amount_proportion,1134,7.00150166387216,2.306808360710937,0.3527336860670194,0.0
static_1750,multiphase_9pp,1134,8.421823355667282,3.939317890237141,0.2945326278659612,0.0
static_1750,multiscale_window,1134,8.523388264957019,3.9458163277880924,0.2839506172839506,0.0
static_1750,particle_filter_calibrated,1134,11.681411500497754,6.636530162731274,0.13756613756613756,0.0
static_1750,particle_filter_mixture,1134,11.681411500497754,6.636530162731274,0.13756613756613756,0.0
static_1750,pf_guarded,1134,11.681411500497754,6.636530162731274,0.13756613756613756,0.0
static_1750,set_outer_midpoint,1134,0.11554530634742873,-0.24077424773852663,0.6552028218694885,0.006172839506172839
static_1750,single_window_9pp,1134,8.287164626006328,3.913167600099735,0.30158730158730157,0.0
