split,inflation,group,cases,covered,total,coverage,coverage_ci95_low,coverage_ci95_high,mean_width_usd
confirmation,1.0,all,600,182370,215210,0.8474048603689419,0.8354389199865273,0.8588668969208294,249.28939024495236
confirmation,1.15,all,600,186492,215210,0.8665582454346917,0.8547677197498702,0.8777930633455739,286.26669435762454
confirmation,1.3,all,600,189641,215210,0.8811904651270852,0.8696733223049367,0.8921562056978519,319.2971784476798
confirmation,1.5,all,600,191926,215210,0.8918080014869197,0.8803577489821963,0.9027345606162165,357.98259354006467
confirmation,1.75,all,600,193423,215210,0.8987639979554853,0.8872971534388382,0.9095149500322736,400.2096980031494
confirmation,10.0,all,600,198677,215210,0.9231773616467637,0.9147336247646523,0.9312505453774861,676.1357828136842
confirmation,12.0,all,600,198853,215210,0.9239951675108034,0.9154378146217638,0.9320223286696546,686.1867398594501
confirmation,16.0,all,600,199090,215210,0.9250964174527206,0.9168595951857934,0.9330213865340747,699.2449714252482
confirmation,2.0,all,600,194417,215210,0.9033827424376191,0.8922087600719122,0.9138256117308233,436.1939656306672
confirmation,2.5,all,600,195683,215210,0.9092653687096325,0.8986829406565431,0.9191600719569777,492.81596617861794
confirmation,24.0,all,600,199366,215210,0.9263788857395102,0.9184707416579709,0.9339814395053674,712.5170556502801
confirmation,3.0,all,600,196451,215210,0.9128339761163514,0.9027127802158706,0.9225087766470237,533.4390330167687
confirmation,4.0,all,600,197213,215210,0.9163747037777055,0.9066944419056265,0.9255205533983353,585.2961623492004
confirmation,5.0,all,600,197676,215210,0.9185260907950374,0.909325360040288,0.9274127674786254,616.4628955541029
confirmation,6.0,all,600,197953,215210,0.9198132057060545,0.9107345367123879,0.9284253583527329,636.788374468688
confirmation,8.0,all,600,198425,215210,0.922006412341434,0.9135510754478174,0.9302107569057669,661.4148093920581
confirmation,deterministic,all,600,200538,215210,0.9318247293341387,0.9242964912936652,0.9390280358018673,764.6421657197182
confirmation,1.0,expanded,413,96632,106648,0.9060835646238091,0.8916205315386223,0.9194614873029527,232.41725971206185
confirmation,1.15,expanded,413,99209,106648,0.9302471682544445,0.9175791563882334,0.9415776293989612,267.2715738372652
confirmation,1.3,expanded,413,100883,106648,0.9459436651413997,0.9350308458673541,0.9554812329660815,302.09174114086187
confirmation,1.5,expanded,413,101806,106648,0.9545983047033231,0.9440708710853334,0.9636086992385466,347.4070924757883
confirmation,1.75,expanded,413,102330,106648,0.9595116645412948,0.9496216270448286,0.9679243098742364,399.6789358024382
confirmation,10.0,expanded,413,103985,106648,0.9750300052509189,0.9693131111496479,0.9801686486066065,796.1812643297906
confirmation,12.0,expanded,413,104057,106648,0.9757051233965944,0.9702571024859667,0.9805445658000688,812.8632556070733
confirmation,16.0,expanded,413,104160,106648,0.9766709174105468,0.9713924196937973,0.981336563630819,834.6868246377489
confirmation,2.0,expanded,413,102627,106648,0.9622965268922061,0.9529582567137707,0.9702274651568912,446.4427045159845
confirmation,2.5,expanded,413,102993,106648,0.9657283774660566,0.9573553621943371,0.9731894493279457,523.2415982274529
confirmation,24.0,expanded,413,104265,106648,0.9776554647063236,0.9725534728345341,0.982131026468592,856.8902075127196
confirmation,3.0,expanded,413,103226,106648,0.9679131347985898,0.9602303714383087,0.9747013424577289,580.1846403617952
confirmation,4.0,expanded,413,103481,106648,0.9703041782311904,0.9632798887670098,0.9765585508442068,655.1370545288728
confirmation,5.0,expanded,413,103624,106648,0.9716450378816293,0.9649346419717965,0.9776506027754126,701.743978132311
confirmation,6.0,expanded,413,103737,106648,0.9727045983047033,0.9663751376432688,0.9783698699337438,732.9691368176594
confirmation,8.0,expanded,413,103881,106648,0.9740548345960544,0.9681094548276327,0.9793615762303043,772.0513339599828
confirmation,deterministic,expanded,413,104884,106648,0.9834596054309505,0.9789684093064107,0.9874165025987152,943.8097845926522
confirmation,1.0,expanded_lower,228,57522,62514,0.92014588732124,0.9015748475624508,0.9365195923691446,174.38519143883082
confirmation,1.15,expanded_lower,228,58996,62514,0.9437246056883258,0.9295490910365,0.9563574903075248,200.53878581815513
confirmation,1.3,expanded_lower,228,59978,62514,0.9594330869885146,0.9485787206767361,0.9688875374328679,226.65779314519236
confirmation,1.5,expanded_lower,228,60410,62514,0.9663435390472535,0.9559400988288125,0.9750479955817848,260.23607337969077
confirmation,1.75,expanded_lower,228,60617,62514,0.9696547973253992,0.9597953389009369,0.9780692487316093,297.7112272357213
confirmation,10.0,expanded_lower,228,61316,62514,0.9808362926704418,0.9738622729335787,0.9865907216134577,590.3724819417147
confirmation,12.0,expanded_lower,228,61348,62514,0.9813481780081261,0.9747153712164695,0.9869181231251789,608.3784780757215
confirmation,16.0,expanded_lower,228,61394,62514,0.9820840131810474,0.9757628027163887,0.9873803609428244,633.2434936858593
confirmation,2.0,expanded_lower,228,60743,62514,0.9716703458425313,0.9617701078588333,0.9800197471171402,330.6778947770037
confirmation,2.5,expanded_lower,228,60922,62514,0.9745337044502032,0.9654009657303486,0.9822175746298656,384.2417249121548
confirmation,24.0,expanded_lower,228,61452,62514,0.9830118053556004,0.9769008397495388,0.9879943887261513,659.9107605658031
confirmation,3.0,expanded_lower,228,61019,62514,0.9760853568800588,0.9673788255664563,0.9835372191366085,422.79503571027453
confirmation,4.0,expanded_lower,228,61099,62514,0.9773650702242698,0.9691591550208171,0.9844535761154442,472.44438520739084
confirmation,5.0,expanded_lower,228,61145,62514,0.9781009053971911,0.9700313875954913,0.9848399905956021,505.78477718453263
confirmation,6.0,expanded_lower,228,61203,62514,0.9790286975717439,0.9712942539827886,0.9854582148285896,530.7001765350931
confirmation,8.0,expanded_lower,228,61262,62514,0.9799724861630995,0.9727845944816885,0.9860240223511221,565.8593217540921
confirmation,deterministic,expanded_lower,228,61927,62514,0.9906101033368525,0.9855775784866174,0.9943107966027526,758.517142628152
confirmation,1.0,expanded_upper,185,39110,44134,0.8861648615579825,0.8620359242424989,0.9074587353922142,314.6173031260456
confirmation,1.15,expanded_upper,185,40213,44134,0.9111569311641818,0.8879946024862707,0.9302498779066428,361.79582974487937
confirmation,1.3,expanded_upper,185,40905,44134,0.9268364526215616,0.9045671761636158,0.9447269954403187,408.9408331108009
confirmation,1.5,expanded_upper,185,41396,44134,0.9379616622105407,0.9171129237605198,0.9546770287136609,470.88126403906006
confirmation,1.75,expanded_upper,185,41713,44134,0.9451443331671727,0.9252153935671922,0.9606550977531876,544.1120108316615
confirmation,10.0,expanded_upper,185,42669,44134,0.9668056373770789,0.9571054643326596,0.9751945527847056,1087.700959399537
confirmation,12.0,expanded_upper,185,42709,44134,0.9677119680971586,0.958195352204223,0.9760190811581597,1102.507552126648
confirmation,16.0,expanded_upper,185,42766,44134,0.9690034893732723,0.9601050052630156,0.97706951505537,1120.02303688061
confirmation,2.0,expanded_upper,185,41884,44134,0.9490188969955137,0.9305599950808844,0.9635657533135457,610.4188072037683
confirmation,2.5,expanded_upper,185,42071,44134,0.9532559931118866,0.9370132524451877,0.9666522379367624,720.1292150406252
confirmation,24.0,expanded_upper,185,42813,44134,0.970068427969366,0.9614853423417443,0.9779585081525415,1135.9035112341028
confirmation,3.0,expanded_upper,185,42207,44134,0.9563375175601577,0.9419365160324771,0.96844065366354,803.1205570062228
confirmation,4.0,expanded_upper,185,42382,44134,0.9603027144605066,0.9481393121441334,0.9711846655478982,913.9137239892235
confirmation,5.0,expanded_upper,185,42479,44134,0.9625005664567,0.9510428897749013,0.9728934738393311,979.3121452608153
confirmation,6.0,expanded_upper,185,42534,44134,0.9637467711968097,0.9528650619497492,0.9735765412693315,1019.4748191284482
confirmation,8.0,expanded_upper,185,42619,44134,0.9656727239769792,0.9556095429993602,0.9746895729094107,1064.1138583411641
confirmation,deterministic,expanded_upper,185,42957,44134,0.9733312185616532,0.9651526201599923,0.9807980083423797,1206.2692086142404
confirmation,1.0,stage1,358,51554,59404,0.8678540165645411,0.840321888968306,0.8920050904892094,211.59457196440607
confirmation,1.15,stage1,358,53159,59404,0.8948723991650394,0.8701318669528375,0.9160410829452533,243.32572194687657
confirmation,1.3,stage1,358,54404,59404,0.9158305837990708,0.893454252195552,0.9339218225345324,275.0222762687149
confirmation,1.5,stage1,358,55083,59404,0.927260790519157,0.9056598046558886,0.94444998032899,316.4419002419261
confirmation,1.75,stage1,358,55521,59404,0.9346340313783583,0.914782367611288,0.950766182408875,364.86693331442183
confirmation,10.0,stage1,358,57000,59404,0.9595313446905932,0.9474583392576684,0.9694232581361336,710.486492977871
confirmation,12.0,stage1,358,57061,59404,0.9605582115682446,0.9485950180530018,0.9703301541925301,724.4819492380894
confirmation,16.0,stage1,358,57144,59404,0.96195542387718,0.9503405921559045,0.9713503133559853,742.4225059432397
confirmation,2.0,stage1,358,55773,59404,0.9388761699548852,0.9197965127239327,0.9544606624434506,407.78592088740737
confirmation,2.5,stage1,358,56085,59404,0.9441283415258231,0.9270150713302386,0.9583982945672309,475.97194715092917
confirmation,24.0,stage1,358,57242,59404,0.9636051444347182,0.952622465059309,0.9725636893081359,760.4818428041959
confirmation,3.0,stage1,358,56299,59404,0.947730792539223,0.9317781621838244,0.9609244362414298,525.8623752127479
confirmation,4.0,stage1,358,56531,59404,0.951636253450946,0.9367854180091469,0.9639453349723971,591.5997567928467
confirmation,5.0,stage1,358,56669,59404,0.9539593293380917,0.9401202722466044,0.965807967884217,631.4823077726373
confirmation,6.0,stage1,358,56762,59404,0.955524880479429,0.9418752831950077,0.966836580482743,657.7471455944469
confirmation,8.0,stage1,358,56903,59404,0.9578984580162953,0.9453051184140637,0.9684658046739668,690.3771362644395
confirmation,deterministic,stage1,358,57714,59404,0.9715507373240859,0.961771360016613,0.9794784897949256,832.3128280829782
confirmation,1.0,stage1_lower,183,26672,30202,0.8831203231574067,0.8434959251048374,0.916256475724268,153.19517611097783
confirmation,1.15,stage1_lower,183,27528,30202,0.9114628170319846,0.8793248823652268,0.9371563527660117,176.16929884525223
confirmation,1.3,stage1_lower,183,28253,30202,0.9354678498112707,0.9103254949801165,0.9551087339180613,199.12244321421844
confirmation,1.5,stage1_lower,183,28553,30202,0.9454009668233891,0.9209485346656678,0.9636942656248679,228.867052020467
confirmation,1.75,stage1_lower,183,28714,30202,0.9507317396198928,0.9274236628604046,0.9680987928638793,263.0913380671827
confirmation,10.0,stage1_lower,183,29257,30202,0.968710681411827,0.9523349016366677,0.9805653946710404,531.6512186894817
confirmation,12.0,stage1_lower,183,29278,30202,0.9694059996026754,0.953448238873984,0.9807583769816038,548.4807880084228
confirmation,16.0,stage1_lower,183,29304,30202,0.9702668697437256,0.9547638639675107,0.9812636254584892,571.0272017331667
confirmation,2.0,stage1_lower,183,28805,30202,0.9537447851135686,0.9312400605659897,0.970617337314564,293.28890906808203
confirmation,2.5,stage1_lower,183,28934,30202,0.9580160254287795,0.9364394885703312,0.9737727651003,340.7626016252188
confirmation,24.0,stage1_lower,183,29355,30202,0.9719554996357858,0.9576173340919546,0.9821840177239625,593.9948815919223
confirmation,3.0,stage1_lower,183,29014,30202,0.9606648566320112,0.9409456985056183,0.9755526067345792,375.43667358251463
confirmation,4.0,stage1_lower,183,29073,30202,0.9626183696443944,0.9429823647838954,0.9771415980468315,422.09905139024585
confirmation,5.0,stage1_lower,183,29115,30202,0.964009006026091,0.9448535457374584,0.977911435394337,453.1729361354543
confirmation,6.0,stage1_lower,183,29153,30202,0.965267200847626,0.9471420591477026,0.9787490504247467,476.2757780209807
confirmation,8.0,stage1_lower,183,29209,30202,0.9671213826898881,0.9501461696023866,0.9799532039517067,508.8729971263617
confirmation,deterministic,stage1_lower,183,29689,30202,0.9830143699092775,0.9711229111623634,0.9906113739031894,681.6054362911652
confirmation,1.0,stage1_upper,175,24882,29202,0.8520649270597904,0.8116988313189397,0.8848402287157141,271.99381015238083
confirmation,1.15,stage1_upper,175,25631,29202,0.8777138552153962,0.8375490272610754,0.9095869570766367,312.78186503691336
confirmation,1.3,stage1_upper,175,26151,29202,0.895520854735977,0.857636956384592,0.9247414972928416,353.5212406516991
confirmation,1.5,stage1_upper,175,26530,29202,0.9084994178480926,0.8716214957818509,0.936260362159543,407.0156816947205
confirmation,1.75,stage1_upper,175,26807,29202,0.9179850695157866,0.8839179497109918,0.944047889965624,470.1277554381503
confirmation,10.0,stage1_upper,175,27743,29202,0.950037668652832,0.9308531158440306,0.9653057943556843,895.4458435037918
confirmation,12.0,stage1_upper,175,27783,29202,0.9514074378467229,0.9319853745634195,0.9662577106706842,906.5101346862912
confirmation,16.0,stage1_upper,175,27840,29202,0.9533593589480173,0.9348940613754717,0.967863898728137,919.6871103454251
confirmation,2.0,stage1_upper,175,26968,29202,0.9234983905211972,0.8915807334380268,0.9484578414834135,526.2037946962993
confirmation,2.5,stage1_upper,175,27151,29202,0.9297650845832477,0.9009095231244472,0.9522984225451326,615.8114325823211
confirmation,24.0,stage1_upper,175,27887,29202,0.954968837750839,0.9366565832841932,0.968854815166887,932.6700217827964
confirmation,3.0,stage1_upper,175,27285,29202,0.934353811382782,0.9077360000547866,0.9549658588606763,681.4392891445437
confirmation,4.0,stage1_upper,175,27458,29202,0.9402780631463599,0.9164020382739696,0.9588195641018727,766.904883310529
confirmation,5.0,stage1_upper,175,27554,29202,0.9435655092116978,0.9210641568911805,0.9614359224015999,815.8977465160866
confirmation,6.0,stage1_upper,175,27609,29202,0.9454489418532978,0.9232387946929151,0.9626432522456945,845.4328603897976
confirmation,8.0,stage1_upper,175,27694,29202,0.9483597013903158,0.9283538047504446,0.9644361375661265,878.0967448613924
confirmation,deterministic,stage1_upper,175,28025,29202,0.9596945414697623,0.9430741598774584,0.9726799315441266,988.1810784389925
confirmation,1.0,stage2plus,208,45078,47244,0.9541529083058166,0.942557012568949,0.9642517977348632,258.59944036911327
confirmation,1.15,stage2plus,208,46050,47244,0.9747269494538989,0.9672623943941744,0.981152204854213,297.3807810529254
confirmation,1.3,stage2plus,208,46479,47244,0.9838074676149352,0.9773053009118018,0.9889976773603045,336.1285392795678
confirmation,1.5,stage2plus,208,46723,47244,0.9889721446109558,0.9833432698622282,0.9934517452976249,386.342328261504
confirmation,1.75,stage2plus,208,46809,47244,0.9907924815849631,0.9854405183307183,0.9949087975285174,443.45110149116323
confirmation,10.0,stage2plus,208,46985,47244,0.9945178223689781,0.9908607774027425,0.9973410720367609,903.9327713442143
confirmation,12.0,stage2plus,208,46996,47244,0.994750656167979,0.9912692929231998,0.9974960760701285,923.9927773144459
confirmation,16.0,stage2plus,208,47016,47244,0.9951739903479807,0.9920458154688516,0.9975805415091559,950.6987962686147
confirmation,2.0,stage2plus,208,46854,47244,0.991744983489967,0.9866850942922681,0.9956775154640346,495.0492487262969
confirmation,2.5,stage2plus,208,46908,47244,0.9928879857759716,0.9882887848411065,0.9963772936487094,582.6778515622641
confirmation,24.0,stage2plus,208,47023,47244,0.9953221573109813,0.9922715752339604,0.9976295307627616,978.112849480909
confirmation,3.0,stage2plus,208,46927,47244,0.9932901532469731,0.9887720187700969,0.996806655597437,648.4887602270481
confirmation,4.0,stage2plus,208,46950,47244,0.9937769875539751,0.9895335819128636,0.9970398272713064,735.0280382455542
confirmation,5.0,stage2plus,208,46955,47244,0.9938828210989755,0.989716283943205,0.9971044126168254,790.0901017891997
confirmation,6.0,stage2plus,208,46975,47244,0.9943061552789773,0.990607496806331,0.9972499625310657,827.5523043441964
confirmation,8.0,stage2plus,208,46978,47244,0.9943696554059774,0.9905802839207709,0.9972816013743376,874.7474231968395
confirmation,deterministic,stage2plus,208,47170,47244,0.9984336635339938,0.9958148628418823,0.9998970272800475,1084.0046284776045
confirmation,1.0,stage2plus_lower,131,30850,32312,0.9547536518940332,0.9404294275904965,0.9665705888841828,194.1914814528137
confirmation,1.15,stage2plus_lower,131,31468,32312,0.9738796731864323,0.9638779197789104,0.9820325210669135,223.31692538103013
confirmation,1.3,stage2plus_lower,131,31725,32312,0.9818333745976727,0.9726375370940044,0.988740551424978,252.39506222835882
confirmation,1.5,stage2plus_lower,131,31857,32312,0.9859185441941074,0.9779594442389333,0.9919735470569346,289.5566720146028
confirmation,1.75,stage2plus_lower,131,31903,32312,0.987342163901956,0.9794410923872404,0.9932109044139591,330.0704093559307
confirmation,10.0,stage2plus_lower,131,32059,32312,0.9921700916068333,0.9868647744384333,0.996208010484136,645.2591987263128
confirmation,12.0,stage2plus_lower,131,32070,32312,0.9925105224065363,0.98743107783977,0.9964257042386604,664.3648000431809
confirmation,16.0,stage2plus_lower,131,32090,32312,0.9931294874969052,0.9885026608859261,0.9966403111934267,691.39701094122
confirmation,2.0,stage2plus_lower,131,31938,32312,0.9884253528101015,0.9809771507435413,0.9941220990978549,365.6253491710632
confirmation,2.5,stage2plus_lower,131,31988,32312,0.9899727655360238,0.9831495617395312,0.9950906664561981,424.8816259245354
confirmation,24.0,stage2plus_lower,131,32097,32312,0.9933461252785343,0.9888171137480919,0.9967405939668725,721.5222787871809
confirmation,3.0,stage2plus_lower,131,32005,32312,0.9904988858628373,0.9840137046632659,0.995544335737579,467.06085809770343
confirmation,4.0,stage2plus_lower,131,32026,32312,0.9911487992077247,0.9849513427165477,0.9958316687719678,519.5021275924308
confirmation,5.0,stage2plus_lower,131,32030,32312,0.9912725922257984,0.9853335602606043,0.9959237563522202,554.9610220274477
confirmation,6.0,stage2plus_lower,131,32050,32312,0.9918915573161674,0.9864425208812025,0.9960572723184408,581.5706173596543
confirmation,8.0,stage2plus_lower,131,32053,32312,0.9919844020797227,0.9864835541595877,0.996197281224441,619.1243928238713
confirmation,deterministic,stage2plus_lower,131,32238,32312,0.9977098291656351,0.993924996061414,0.9998529562491842,830.4064517018604
confirmation,1.0,stage2plus_upper,77,14228,14932,0.9528529332976159,0.9319235744653183,0.9708801843519337,397.9746056854455
confirmation,1.15,stage2plus_upper,77,14582,14932,0.9765604071792124,0.9658960114082409,0.9856500370262353,457.6507585824111
confirmation,1.3,stage2plus_upper,77,14754,14932,0.9880792927939994,0.9808761485223785,0.9936296916477568,517.3230283285005
confirmation,1.5,stage2plus_upper,77,14866,14932,0.9955799624966515,0.990604878412357,0.998696412126195,595.7809918464137
confirmation,1.75,stage2plus_upper,77,14906,14932,0.9982587731047415,0.9964200324728832,0.9994849881120199,688.8004802933086
confirmation,10.0,stage2plus_upper,77,14926,14932,0.9995981784087865,0.9989885356841012,1.0,1463.6876922141334
confirmation,12.0,stage2plus_upper,77,14926,14932,0.9995981784087865,0.9989867453620171,1.0,1485.8129756528542
confirmation,16.0,stage2plus_upper,77,14926,14932,0.9995981784087865,0.998991654254412,1.0,1511.8131337651844
confirmation,2.0,stage2plus_upper,77,14916,14932,0.998928475756764,0.9977447336002784,0.9997209451582177,775.115217278983
confirmation,2.5,stage2plus_upper,77,14920,14932,0.999196356817573,0.9981914043255853,0.9998752522220921,924.139922470802
confirmation,24.0,stage2plus_upper,77,14926,14932,0.9995981784087865,0.9989946770418525,1.0,1533.3602724822315
confirmation,3.0,stage2plus_upper,77,14922,14932,0.9993302973479775,0.9984765875561257,0.9998754448704159,1041.088437001987
confirmation,4.0,stage2plus_upper,77,14924,14932,0.999464237878382,0.9987026397139572,0.9999385386945896,1201.413869013282
confirmation,5.0,stage2plus_upper,77,14925,14932,0.9995312081435842,0.9988960940570049,0.999939159240484,1298.8960772286405
confirmation,6.0,stage2plus_upper,77,14925,14932,0.9995312081435842,0.998899786240169,0.9999394058610819,1359.8427054856727
confirmation,8.0,stage2plus_upper,77,14925,14932,0.9995312081435842,0.9989182796286021,0.9999384312276813,1427.9011438914115
confirmation,deterministic,stage2plus_upper,77,14932,14932,1.0,1.0,1.0,1632.7766809808081
confirmation,1.0,standard,600,85738,108562,0.7897606897441094,0.7704948263803986,0.8081019064243774,265.86405704430854
confirmation,1.15,standard,600,87283,108562,0.8039921887953427,0.784983610106155,0.822522799375022,304.926921815255
confirmation,1.3,standard,600,88758,108562,0.8175788950093035,0.7979840737356311,0.8364493205147565,336.199275663073
confirmation,1.5,standard,600,90120,108562,0.830124721357381,0.8097824558264465,0.8496286388417181,368.3716434608744
confirmation,1.75,standard,600,91093,108562,0.8390873417954717,0.8188770352158451,0.8584324645530836,400.73110261232614
confirmation,10.0,standard,600,94692,108562,0.8722389049575358,0.8558719054647569,0.8878490322293163,558.2067605708208
confirmation,12.0,standard,600,94796,108562,0.8731968828871981,0.8568837201345024,0.8887235697226641,561.7435916910993
confirmation,16.0,standard,600,94930,108562,0.874431200604263,0.8584958457915641,0.8898513706023176,566.1910228851812
confirmation,2.0,standard,600,91790,108562,0.8455076361894586,0.8254405478005017,0.8645203640946352,426.12591691526666
confirmation,2.5,standard,600,92690,108562,0.8537978298115363,0.8346975588957494,0.871895836472491,462.9267525795302
confirmation,24.0,standard,600,95101,108562,0.8760063373924578,0.8602352776543658,0.891147086307806,570.68927152853
confirmation,3.0,standard,600,93225,108562,0.8587258893535491,0.8397972538198717,0.8761913282904898,487.5175730940296
confirmation,4.0,standard,600,93732,108562,0.8633960317606529,0.8454850911180176,0.8806635350017348,516.6865985130725
confirmation,5.0,standard,600,94052,108562,0.8663436561596138,0.8490109045138223,0.8830976327488073,532.6853592633131
confirmation,6.0,standard,600,94216,108562,0.8678543136640814,0.850780054860417,0.884381780356849,542.3033249762956
confirmation,8.0,standard,600,94544,108562,0.8708756286730164,0.8544003265084736,0.8864597236091083,552.728859684794
confirmation,deterministic,standard,600,95654,108562,0.8811002008069122,0.8656829660526393,0.8954373084792167,588.6333576878039
development,1.0,all,300,84592,99950,0.8463431715857929,0.8289197267168875,0.8626793089086322,253.63317884141682
development,1.15,all,300,86294,99950,0.8633716858429215,0.8458422732857421,0.879378768734067,291.23408766028894
development,1.3,all,300,87657,99950,0.8770085042521261,0.8591204723225974,0.8928805526136928,325.3476232189581
development,1.5,all,300,88683,99950,0.8872736368184092,0.8694534302451804,0.9030920521656798,366.1467335726889
development,1.75,all,300,89478,99950,0.8952276138069034,0.8777728746951526,0.9112748645981942,410.6554576589542
development,10.0,all,300,91944,99950,0.9198999499749875,0.9060277766716736,0.932568739068925,709.0067367536604
development,12.0,all,300,92023,99950,0.9206903451725863,0.9070950695523394,0.932998889847352,720.3518799565004
development,16.0,all,300,92104,99950,0.9215007503751876,0.908003685656725,0.9337065528286994,734.4652255531852
development,2.0,all,300,89946,99950,0.8999099549774887,0.8830809238435144,0.9153550136693286,448.5442696167234
development,2.5,all,300,90522,99950,0.9056728364182091,0.8896222940396791,0.9200683720100984,508.7141323014343
development,24.0,all,300,92247,99950,0.9229314657328664,0.9098123614225433,0.9348851807042716,748.0180366758323
development,3.0,all,300,90888,99950,0.9093346673336669,0.8935571769803357,0.9233221369808541,552.5914101491428
development,4.0,all,300,91306,99950,0.9135167583791896,0.89869203952704,0.9270643660694253,609.1578079586272
development,5.0,all,300,91584,99950,0.9162981490745372,0.9018163363270646,0.9292087413144753,642.5332311558611
development,6.0,all,300,91698,99950,0.9174387193596798,0.9030075705814505,0.9299733973732158,664.4401182665817
development,8.0,all,300,91842,99950,0.91887943971986,0.9048345349687099,0.9315822641241883,692.145003608378
development,deterministic,all,300,93000,99950,0.9304652326163082,0.9185330743098845,0.9413617497512707,806.8693640323174
development,1.0,expanded,213,43233,48716,0.8874497085146563,0.8600233263571159,0.9107710663551374,247.0967579144975
development,1.15,expanded,213,44158,48716,0.9064373101239839,0.8793644262671837,0.929155889770135,284.14233354990586
development,1.3,expanded,213,44766,48716,0.9189178093439527,0.891538928226812,0.9411410451604256,321.1530249588167
development,1.5,expanded,213,45193,48716,0.9276828967895558,0.9012209668273147,0.9495091795116548,369.10145132145067
development,1.75,expanded,213,45486,48716,0.9336973478939158,0.9074733467681176,0.9545920938539684,423.61714580971375
development,10.0,expanded,213,46465,48716,0.9537934148944905,0.9327490391198172,0.9695127552660054,849.0210856390491
development,12.0,expanded,213,46521,48716,0.9549429345594876,0.933980230675477,0.970101630223191,868.6605473434705
development,16.0,expanded,213,46581,48716,0.9561745627719845,0.9361420450166791,0.9711478267983692,893.5539360810102
development,2.0,expanded,213,45653,48716,0.9371253797520321,0.9118800191587306,0.9572528643445629,471.92944327358725
development,2.5,expanded,213,45834,48716,0.9408407915263979,0.9162539130978059,0.9601569615980727,551.7563429012787
development,24.0,expanded,213,46688,48716,0.9583709664176041,0.939559822776304,0.9723223720315767,917.6441815082204
development,3.0,expanded,213,45942,48716,0.9430577223088924,0.919005840136106,0.9614255468055443,611.8110832913014
development,4.0,expanded,213,46133,48716,0.9469784054520075,0.9238626528158354,0.9643485177336413,691.7427636643608
development,5.0,expanded,213,46243,48716,0.9492363905082519,0.926654450496782,0.9661025134280663,741.4890933650344
development,6.0,expanded,213,46299,48716,0.950385910173249,0.9280780351514796,0.9670448767006943,775.2096806296992
development,8.0,expanded,213,46392,48716,0.9522949339026192,0.9302696525548804,0.9683784303642117,820.2679814474252
development,deterministic,expanded,213,47264,48716,0.9701945972575745,0.9557810682033024,0.981283047988117,1021.1459049288316
development,1.0,expanded_lower,117,23816,26240,0.9076219512195122,0.8665164996241063,0.936611481326631,170.9901080488721
development,1.15,expanded_lower,117,24253,26240,0.9242759146341464,0.8837318507980331,0.9521312093984436,196.6191371786955
development,1.3,expanded_lower,117,24587,26240,0.9370045731707317,0.8960621480763966,0.9636739604612851,222.2060158053456
development,1.5,expanded_lower,117,24836,26240,0.9464939024390244,0.9048698116023911,0.9719899265105647,255.12019095136603
development,1.75,expanded_lower,117,24936,26240,0.9503048780487805,0.909709863515154,0.9753649670102168,291.74133531338964
development,10.0,expanded_lower,117,25349,26240,0.9660442073170732,0.9304188348964844,0.9860629591248444,580.4199417352701
development,12.0,expanded_lower,117,25369,26240,0.9668064024390244,0.9307519498894034,0.9864855181447734,599.9296293664087
development,16.0,expanded_lower,117,25397,26240,0.9678734756097561,0.9329909303225558,0.9870210742380016,626.5915840106293
development,2.0,expanded_lower,117,25014,26240,0.9532774390243902,0.9119009589461025,0.9776098955516755,323.043885887782
development,2.5,expanded_lower,117,25095,26240,0.9563643292682927,0.9176277729223707,0.9798121959678446,373.26757551031557
development,24.0,expanded_lower,117,25437,26240,0.9693978658536585,0.9367370851176448,0.9874261566147181,652.8375431364889
development,3.0,expanded_lower,117,25143,26240,0.9581935975609757,0.9194003115525222,0.9812596234372448,410.74209758456976
development,4.0,expanded_lower,117,25220,26240,0.9611280487804879,0.9234510978353972,0.9830108855920043,460.8024888267095
development,5.0,expanded_lower,117,25270,26240,0.9630335365853658,0.9253263282656906,0.9842463781470063,493.64993032337685
development,6.0,expanded_lower,117,25293,26240,0.9639100609756097,0.9261021028452833,0.9849638750018314,518.2061122320802
development,8.0,expanded_lower,117,25319,26240,0.9649009146341463,0.9288485643660284,0.9853520356636305,554.7062885376562
development,deterministic,expanded_lower,117,25756,26240,0.9815548780487805,0.958505901988711,0.9940813231239302,758.7228716985519
development,1.0,expanded_upper,96,19417,22476,0.8638992703327995,0.8287299736627158,0.8957025862403514,335.9487997579754
development,1.15,expanded_upper,96,19905,22476,0.8856113187399893,0.8502689235577642,0.916601168422509,386.32282263962634
development,1.3,expanded_upper,96,20179,22476,0.8978021000177968,0.8622748572144208,0.9288054535106431,436.6704444367968
development,1.5,expanded_upper,96,20357,22476,0.9057216586581243,0.8709301454834072,0.9361639249025028,502.17087079604664
development,1.75,expanded_upper,96,20550,22476,0.9143085958355579,0.8818902400200579,0.9426828398504117,577.5778713580119
development,10.0,expanded_upper,96,21116,22476,0.9394910126357003,0.9202979897835368,0.9574155686998025,1162.604197226305
development,12.0,expanded_upper,96,21152,22476,0.9410927211247553,0.9223426671578308,0.9584847254438222,1182.3951659463398
development,16.0,expanded_upper,96,21184,22476,0.9425164620039153,0.9241365293031635,0.959709984822765,1205.2238114292393
development,2.0,expanded_upper,96,20639,22476,0.9182683751557217,0.8875370023889686,0.945168541264836,645.7484958542748
development,2.5,expanded_upper,96,20739,22476,0.9227175654030967,0.8953394854968945,0.9473523784502329,760.1361816777014
development,24.0,expanded_upper,96,21251,22476,0.9454974194696565,0.9282528782389579,0.9614472169162606,1226.7973311288931
development,3.0,expanded_upper,96,20799,22476,0.9253870795515217,0.8985393400879917,0.9487870294951722,846.5525935664676
development,4.0,expanded_upper,96,20913,22476,0.930459156433529,0.9068598378017907,0.9524218597625396,961.3580338076235
development,5.0,expanded_upper,96,20973,22476,0.933128670581954,0.9113414025397241,0.953096645701074,1030.8332666259832
development,6.0,expanded_upper,96,21006,22476,0.9345969033635878,0.9131673730751431,0.9546955035460042,1075.252999492198
development,8.0,expanded_upper,96,21073,22476,0.937577860829329,0.9171795448485639,0.9562747055335938,1130.3026327177733
development,deterministic,expanded_upper,96,21508,22476,0.9569318384054102,0.9414555718230566,0.9711303520491326,1327.5162729641822
development,1.0,stage1,194,21308,25656,0.830526972248207,0.7751115409960757,0.8753673446837839,206.5767799214183
development,1.15,stage1,194,21820,25656,0.8504833177424385,0.7955306333175034,0.8948246502441854,237.53871498401136
development,1.3,stage1,194,22175,25656,0.8643202369816028,0.8076864374781547,0.9085178739421513,268.4559561182428
development,1.5,stage1,194,22477,25656,0.8760913626442158,0.821078996895186,0.9191043614332115,308.6635927165819
development,1.75,stage1,194,22707,25656,0.8850561272217026,0.8313060356061815,0.9265122041494196,354.78245835830006
development,10.0,stage1,194,23530,25656,0.9171343935141877,0.873938114311638,0.9485392870896951,692.3678985988387
development,12.0,stage1,194,23581,25656,0.9191222326161521,0.8756639516898415,0.9500203620947687,708.3765063071231
development,16.0,stage1,194,23634,25656,0.9211880261927035,0.8791140366812943,0.9515891718873385,729.0702271184626
development,2.0,stage1,194,22843,25656,0.8903570314936078,0.8377097680463752,0.9298664517630856,395.086872945045
development,2.5,stage1,194,22987,25656,0.8959697536638603,0.844701891258027,0.9340784915633172,460.3673661825888
development,24.0,stage1,194,23735,25656,0.9251247271593389,0.884867582607208,0.9537087455702218,748.7531254891144
development,3.0,stage1,194,23076,25656,0.8994387277829747,0.84891851876259,0.9370946461577238,508.5525570727583
development,4.0,stage1,194,23239,25656,0.9057920174618023,0.8577947720404356,0.9408134790865329,571.2291666360916
development,5.0,stage1,194,23326,25656,0.9091830371063299,0.8619639495469813,0.9432526853251358,609.3590499620326
development,6.0,stage1,194,23381,25656,0.911326785157468,0.8648890382614088,0.9445596415685099,634.9968487897788
development,8.0,stage1,194,23467,25656,0.9146788275647022,0.8704162821624097,0.9472288581568763,669.5955149441025
development,deterministic,stage1,194,24204,25656,0.9434050514499532,0.9129835174085796,0.9661049189634775,842.7879310796557
development,1.0,stage1_lower,102,11874,13526,0.8778648528759426,0.793740168841475,0.929526453187812,148.87093303096734
development,1.15,stage1_lower,102,12103,13526,0.8947952092266745,0.8112928758975244,0.9453126105333899,171.1803711180385
development,1.3,stage1_lower,102,12265,13526,0.9067721425402928,0.8225075776348086,0.956041378538928,193.447880058071
development,1.5,stage1_lower,102,12428,13526,0.9188230075410321,0.8340657952078566,0.9663519756746306,222.3233595861131
development,1.75,stage1_lower,102,12493,13526,0.9236285672039036,0.8412200646969759,0.9702811219762463,255.26451366491114
development,10.0,stage1_lower,102,12757,13526,0.943146532603874,0.8709993395187232,0.9814600359188748,506.29084410415015
development,12.0,stage1_lower,102,12772,13526,0.9442555079106906,0.8734122833143371,0.9818686556482992,523.8093427308388
development,16.0,stage1_lower,102,12793,13526,0.9458080733402336,0.8759338653827309,0.9824688015331857,547.2565973922422
development,2.0,stage1_lower,102,12547,13526,0.927620878308443,0.8447634359088207,0.9731034297981292,283.40806306344064
development,2.5,stage1_lower,102,12591,13526,0.9308738725417715,0.8514281287135634,0.9746352244539676,327.5075966487809
development,24.0,stage1_lower,102,12827,13526,0.948321750702351,0.8829073976174413,0.983085640473268,568.3064183828004
development,3.0,stage1_lower,102,12620,13526,0.9330178914682833,0.8524012872042206,0.9759684153812755,359.8851534761014
development,4.0,stage1_lower,102,12669,13526,0.9366405441372172,0.8591957826403138,0.9780634283653813,402.6353900388584
development,5.0,stage1_lower,102,12696,13526,0.9386366996894869,0.8643947671048892,0.979103941625309,431.12429052585617
development,6.0,stage1_lower,102,12718,13526,0.9402631968061511,0.8660628061483224,0.9800169092844025,452.15786432901876
development,8.0,stage1_lower,102,12737,13526,0.941667898861452,0.8677822095044188,0.9805818747576813,483.4391477284731
development,deterministic,stage1_lower,102,13042,13526,0.9642170634333875,0.9165481807698518,0.9895833979047856,675.0870560893235
development,1.0,stage1_upper,92,9434,12130,0.7777411376751855,0.7062336505584472,0.837827233672304,270.9237943517762
development,1.15,stage1_upper,92,9717,12130,0.8010717230008244,0.7274936370969439,0.8628999020938489,311.5340125216163
development,1.3,stage1_upper,92,9910,12130,0.8169826875515251,0.7427880950408796,0.8781406231094977,352.09645379259416
development,1.5,stage1_upper,92,10049,12130,0.828441879637263,0.75498947146206,0.8897611053920628,404.9404264612415
development,1.75,stage1_upper,92,10214,12130,0.8420445177246496,0.7726217631001532,0.9001646530461896,465.753581187878
development,10.0,stage1_upper,92,10773,12130,0.888128606760099,0.8345444607673695,0.9277961651313833,899.859921607508
development,12.0,stage1_upper,92,10809,12130,0.8910964550700742,0.8401097558038725,0.9288436805939188,914.1848702422284
development,16.0,stage1_upper,92,10841,12130,0.8937345424567189,0.8439264217215794,0.9315960967422043,931.8081624586817
development,2.0,stage1_upper,92,10296,12130,0.8488046166529266,0.7800416822096781,0.9031840366351122,519.618413131243
development,2.5,stage1_upper,92,10396,12130,0.8570486397361913,0.7915238354031935,0.9088850071491232,608.5175098523566
development,24.0,stage1_upper,92,10908,12130,0.8992580379225061,0.8509744233053665,0.9356551065870149,949.9668237842506
development,3.0,stage1_upper,92,10456,12130,0.86199505358615,0.7988747537093679,0.9114923903247376,674.3295810668541
development,4.0,stage1_upper,92,10570,12130,0.8713932399010718,0.8133020339755398,0.9166450664107394,759.2258213973594
development,5.0,stage1_upper,92,10630,12130,0.8763396537510305,0.8197424653630473,0.9202039995673434,808.1062351338152
development,6.0,stage1_upper,92,10663,12130,0.8790601813685078,0.8239936960503064,0.9211463087220968,838.8781434160145
development,8.0,stage1_upper,92,10730,12130,0.8845836768342952,0.8300809568617014,0.9257436299632061,877.1759785021079
development,deterministic,stage1_upper,92,11162,12130,0.9201978565539983,0.8789903130730604,0.951135857511397,1029.7889232576633
development,1.0,stage2plus,101,21925,23060,0.9507805724197745,0.9350161533711852,0.9645689886329069,292.17830845181044
development,1.15,stage2plus,101,22338,23060,0.9686903729401561,0.9564497450241721,0.9785952552435894,335.99239590578566
development,1.3,stage2plus,101,22591,23060,0.979661751951431,0.9699617325744646,0.9874361665000173,379.78251317103536
development,1.5,stage2plus,101,22716,23060,0.9850823937554206,0.9762129291087476,0.9919944928839314,436.3431555871277
development,1.75,stage2plus,101,22779,23060,0.9878143972246314,0.9799756499927462,0.9936901885306425,500.20095939399255
development,10.0,stage2plus,101,22935,23060,0.9945793581960104,0.990274964141047,0.9976857922993322,1023.3096444726851
development,12.0,stage2plus,101,22940,23060,0.99479618386817,0.9906650703365231,0.9977817839414144,1046.9887067896332
development,16.0,stage2plus,101,22947,23060,0.9950997398091934,0.9912363004315113,0.997814771924449,1076.5545448036087
development,2.0,stage2plus,101,22810,23060,0.9891587163920208,0.9818952074819988,0.9947431547506398,557.4226342687773
development,2.5,stage2plus,101,22847,23060,0.9907632263660018,0.9844205045601218,0.9955332871607583,653.4335149175281
development,24.0,stage2plus,101,22953,23060,0.9953599306157849,0.9917201065175721,0.9979816363358869,1105.5482983003362
development,3.0,stage2plus,101,22866,23060,0.9915871639202082,0.9857854081352039,0.996159289780447,726.6940298942043
development,4.0,stage2plus,101,22894,23060,0.9928013876843018,0.9875804857205227,0.9966832748955079,825.8232860128984
development,5.0,stage2plus,101,22917,23060,0.9937987857762359,0.9891505283064427,0.9971996932297273,888.4937938657894
development,6.0,stage2plus,101,22918,23060,0.9938421509106679,0.9892677768207897,0.9972576316019418,931.2070966611387
development,8.0,stage2plus,101,22925,23060,0.9941457068516912,0.989702050157707,0.9974123321370959,987.9025348129609
development,deterministic,stage2plus,101,23060,23060,1.0,1.0,1.0,1219.582686241688
development,1.0,stage2plus_lower,59,11942,12714,0.9392795343715589,0.9125223418210877,0.9601057083263914,194.52195965278744
development,1.15,stage2plus_lower,59,12150,12714,0.9556394525719679,0.9335902491485929,0.973007298361188,223.68259083108234
development,1.3,stage2plus_lower,59,12322,12714,0.96916784646846,0.951968121333351,0.9828304646944546,252.80083601280478
development,1.5,stage2plus_lower,59,12408,12714,0.975932043416706,0.9607636992296918,0.9878180022747343,290.01164454947934
development,1.75,stage2plus_lower,59,12443,12714,0.9786849142677364,0.9645105747065525,0.98917300581302,330.54780767592865
development,10.0,stage2plus_lower,59,12592,12714,0.990404278747837,0.9824789605865841,0.9958871519409582,659.28341307069
development,12.0,stage2plus_lower,59,12597,12714,0.99079754601227,0.9830547927887668,0.9959930169201411,680.9114601854048
development,16.0,stage2plus_lower,59,12604,12714,0.991348120182476,0.9844183004069413,0.9961478599298658,710.9934267824007
development,2.0,stage2plus_lower,59,12467,12714,0.9805725971370143,0.9676742750516882,0.9904935327249572,365.2111141025091
development,2.5,stage2plus_lower,59,12504,12714,0.9834827748938179,0.9719862702554699,0.991988547648828,421.95008880912917
development,24.0,stage2plus_lower,59,12610,12714,0.9918200408997955,0.9852010941306473,0.99644130224125,742.7673837388477
development,3.0,stage2plus_lower,59,12523,12714,0.984977190498663,0.974289927263125,0.9927942816454645,464.84710199003956
development,4.0,stage2plus_lower,59,12551,12714,0.9871794871794872,0.9777853672818619,0.9940468412369532,522.6845226637769
development,5.0,stage2plus_lower,59,12574,12714,0.9889885165958786,0.9804454439020011,0.9949542810555166,560.16887038168
development,6.0,stage2plus_lower,59,12575,12714,0.9890671700487651,0.9805396936686777,0.9950168784355375,588.4726374119454
development,8.0,stage2plus_lower,59,12582,12714,0.9896177442189712,0.9814844140063402,0.9955026883305246,630.5250195888603
development,deterministic,stage2plus_lower,59,12714,12714,1.0,1.0,1.0,847.7002228020933
development,1.0,stage2plus_upper,42,9983,10346,0.9649139764160062,0.9466383102099464,0.9815338018739324,412.18631334556454
development,1.15,stage2plus_upper,42,10188,10346,0.9847283974482892,0.9785621576946045,0.9908971435787468,474.00775079847614
development,1.3,stage2plus_upper,42,10269,10346,0.9925575101488497,0.9884906651769427,0.9961766851723065,535.8278488939957
development,1.5,stage2plus_upper,42,10308,10346,0.9963270829306012,0.9932040593513349,0.9987254442992892,616.1671292322718
development,1.75,stage2plus_upper,42,10336,10346,0.999033442876474,0.9975464142133738,1.0,708.6844477898427
development,10.0,stage2plus_upper,42,10343,10346,0.9997100328629422,0.9989573603819065,1.0,1470.6544643107827
development,12.0,stage2plus_upper,42,10343,10346,0.9997100328629422,0.9989566366589424,1.0,1496.8539796802345
development,16.0,stage2plus_upper,42,10343,10346,0.9997100328629422,0.9989573498026421,1.0,1525.785557225959
development,2.0,stage2plus_upper,42,10343,10346,0.9997100328629422,0.9989483462731163,1.0,793.6276668798281
development,2.5,stage2plus_upper,42,10343,10346,0.9997100328629422,0.9989517682289348,1.0,937.899035847567
development,24.0,stage2plus_upper,42,10343,10346,0.9997100328629422,0.9989468634025578,1.0,1551.362772274313
development,3.0,stage2plus_upper,42,10343,10346,0.9997100328629422,0.9989476145930777,1.0,1048.4726729807644
development,4.0,stage2plus_upper,42,10343,10346,0.9997100328629422,0.9989579624662162,1.0,1198.344669854067
development,5.0,stage2plus_upper,42,10343,10346,0.9997100328629422,0.9989500577412487,1.0,1291.9659644802264
development,6.0,stage2plus_upper,42,10343,10346,0.9997100328629422,0.9989466230476508,1.0,1352.386868060157
development,8.0,stage2plus_upper,42,10343,10346,0.9997100328629422,0.9989469835378287,1.0,1427.076875481742
development,deterministic,stage2plus_upper,42,10346,10346,1.0,1.0,1.0,1676.5818782164604
development,1.0,standard,300,41359,51234,0.807256899715033,0.7845514452124608,0.8297331972524858,259.84835395707836
development,1.15,standard,300,42136,51234,0.8224226099855565,0.7985808481336225,0.8452511707870158,297.97730297124303
development,1.3,standard,300,42891,51234,0.837158917906078,0.8120310390230419,0.8610952033019215,329.3360693453791
development,1.5,standard,300,43490,51234,0.848850372799313,0.8239155332978687,0.8728264848771081,363.33723148718553
development,1.75,standard,300,43992,51234,0.8586485536948121,0.8332685595727659,0.8819097168564409,398.33079825401995
development,10.0,standard,300,45479,51234,0.8876722488972167,0.8668476706407208,0.9071766006653272,575.873680183793
development,12.0,standard,300,45502,51234,0.8881211695358551,0.867373474309301,0.9071291560608055,579.332146177689
development,16.0,standard,300,45523,51234,0.8885310535972206,0.8681460819286816,0.9077867683877724,583.195255961244
development,2.0,standard,300,44293,51234,0.8645235585743842,0.8398822251959538,0.887393689032337,426.30840827722665
development,2.5,standard,300,44688,51234,0.8722332825857829,0.8489603430946749,0.8938071573854869,467.7873194119074
development,24.0,standard,300,45559,51234,0.8892337119881328,0.868867179822258,0.9085070314222946,586.7285165982543
development,3.0,standard,300,44946,51234,0.8772690010539876,0.8547537261183317,0.8983657872030507,496.2822092904669
development,4.0,standard,300,45173,51234,0.8816996525744623,0.860395249428379,0.902320060419622,530.6316592651715
development,5.0,standard,300,45341,51234,0.8849787250653862,0.8639713326784411,0.9042695341199918,548.4407577323129
development,6.0,standard,300,45399,51234,0.8861107858063005,0.865320061126473,0.905673883037518,559.1145532105327
development,8.0,standard,300,45450,51234,0.8871062185267595,0.8661700911725778,0.9066387804694563,570.3188922681151
development,deterministic,standard,300,45736,51234,0.8926884490767849,0.8725041268548022,0.9114529485005918,603.1238831736187
