algorithm,cases,mean_mae_usd,median_mae_usd,p95_case_mae_usd,mean_q_mae_pp,mean_v_mae_usd,mean_hold_increment_usd
oracle_sample_state_held,180,12.745601322931522,9.1128288990597,35.46638440544851,0.0,0.0,12.745601322931522
pf_q_estimate_oracle_current_v,180,13.089758972262146,9.669881108635078,35.72377921783728,0.07716761549273875,0.0,11.995340489190259
multiscale_exact_amount_exact_progress,180,26.907988346229615,23.1721177849102,61.705719628103346,0.11136474626499404,116.99880307005179,2.8122603889111577
pf_rounded_known_quantizer,180,27.73803065077211,23.95810559488026,61.35377970715135,0.061456535666805666,121.89818384336267,2.548045984423262
pf_oracle_q_v_estimate,180,27.857333539909906,24.074663646281387,60.02201380185861,0.0,123.068100155452,2.7355892092365437
pf_exact_amount_unknown_quantizer,180,28.181382362066856,24.17624270009231,59.20840371615265,0.07925447268828865,122.87923303457555,2.673459353407168
pf_rounded_unknown_quantizer,180,28.20069028736847,24.564915487862223,59.60389919929028,0.07716761549273875,123.068100155452,2.6919428397635388
multiscale_exact_amount_integer_progress,180,31.127037132366727,24.705167776002007,67.47335767796874,0.19492454123700306,137.21812121175313,2.4427436403837657
multiscale_rounded_integer_progress,180,31.12704580519177,24.70557235623747,67.47695377896589,0.19492209661046225,137.2182363158678,2.442863924991541
